Date,Adj Close,Close,High,Low,Open,Volume
2021-08-05,6.38,7.24,7.6,7.18,7.48,98849900
2021-08-06,6.26,7.1,7.35,7.03,7.25,28799900
2021-08-09,6.23,7.07,7.31,7.07,7.18,14491100
2021-08-10,6.26,7.1,7.16,7.05,7.12,9988600
2021-08-11,6.06,6.87,7.14,6.8,7.13,31978000
2021-08-12,6.14,6.96,6.98,6.75,6.97,17054100
2021-08-13,6.18,7.01,7.04,6.86,6.98,21141500
2021-08-16,6.19,7.02,7.12,6.78,6.97,13434600
2021-08-17,6.01,6.82,6.99,6.76,6.93,17772000
2021-08-18,6.01,6.81,7.0,6.72,6.83,8841700
2021-08-19,6.11,6.93,6.93,6.42,6.7,5423700
2021-08-20,6.16,6.98,7.05,6.83,6.89,3109200
2021-08-23,6.32,7.17,7.2,7.01,7.04,6128800
2021-08-24,6.39,7.25,7.4,7.18,7.24,6054100
2021-08-25,6.47,7.34,7.38,7.26,7.32,5190100
2021-08-26,6.26,7.1,7.38,7.1,7.34,7968100
2021-08-27,6.34,7.19,7.24,7.12,7.15,5881000
2021-08-30,6.27,7.11,7.28,7.09,7.25,4966000
2021-08-31,6.26,7.1,7.15,7.01,7.15,3704100
2021-09-01,6.23,7.07,7.15,7.03,7.1,6468600
2021-09-02,6.0,6.8,7.09,6.77,7.07,3746900
2021-09-03,6.17,7.0,7.0,6.73,6.84,3705400
2021-09-06,6.11,6.93,7.02,6.88,6.94,1654400
2021-09-08,5.76,6.53,6.93,6.42,6.93,10251100
2021-09-09,5.65,6.41,6.62,6.35,6.53,5428200
2021-09-10,5.73,6.5,6.69,6.37,6.54,5905500
2021-09-13,6.13,6.95,7.0,6.72,6.75,8999600
2021-09-14,6.34,7.19,7.38,7.06,7.06,9730300
2021-09-15,6.38,7.24,7.38,7.14,7.24,7265900
2021-09-16,6.28,7.12,7.29,7.0,7.2,6142600
2021-09-17,6.38,7.24,7.24,6.78,7.1,16008100
2021-09-20,6.27,7.11,7.17,6.88,6.99,9065700
2021-09-21,6.42,7.28,7.4,7.11,7.2,11102500
2021-09-22,6.45,7.31,7.44,7.26,7.33,10254600
2021-09-23,6.38,7.23,7.42,7.19,7.38,6341600
2021-09-24,6.17,7.0,7.23,6.99,7.19,5138200
2021-09-27,6.31,7.15,7.19,6.92,7.0,6343700
2021-09-28,6.12,6.94,7.12,6.94,7.1,6782400
2021-09-29,6.04,6.85,7.09,6.85,7.05,6482600
2021-09-30,6.26,7.1,7.2,6.87,6.9,15990100
2021-10-01,6.5,7.37,7.45,7.18,7.18,15528000
2021-10-04,6.19,7.02,7.43,7.02,7.4,12019000
2021-10-05,6.29,7.13,7.22,7.08,7.14,12888200
2021-10-06,6.18,6.99,7.1,6.88,7.07,10376100
2021-10-07,6.3,7.13,7.33,7.03,7.11,18438800
2021-10-08,6.31,7.14,7.53,7.12,7.2,20480700
2021-10-11,6.21,7.03,7.25,7.03,7.2,10407400
2021-10-13,6.23,7.05,7.12,7.03,7.07,8146000
2021-10-14,6.32,7.15,7.22,7.06,7.07,10992200
2021-10-15,6.28,7.1,7.19,7.04,7.17,34203500
2021-10-18,6.17,6.98,7.09,6.96,7.08,7596500
2021-10-19,5.91,6.69,7.0,6.67,6.98,11473400
2021-10-20,5.9,6.68,6.84,6.61,6.8,6234400
2021-10-21,5.68,6.43,6.61,6.19,6.56,12472300
2021-10-22,5.63,6.37,6.4,5.88,6.34,18890200
2021-10-25,5.86,6.63,6.65,6.28,6.43,11428100
2021-10-26,5.82,6.58,6.64,6.43,6.6,8470300
2021-10-27,5.86,6.63,6.75,6.55,6.6,7675900
2021-10-28,5.99,6.78,6.82,6.48,6.51,8299700
2021-10-29,5.99,6.78,6.81,6.61,6.74,3926300
2021-11-01,6.0,6.79,6.86,6.73,6.75,5059700
2021-11-03,6.1,6.9,7.0,6.7,6.77,5711600
2021-11-04,5.97,6.75,6.97,6.61,6.9,8687600
2021-11-05,5.97,6.75,6.85,6.72,6.79,3123600
2021-11-08,5.98,6.77,6.83,6.72,6.8,3898000
2021-11-09,5.95,6.73,6.98,6.73,6.78,5176300
2021-11-10,5.75,6.5,6.8,6.5,6.74,10074000
2021-11-11,6.01,6.8,6.83,6.57,6.6,8604300
2021-11-12,5.76,6.52,6.88,6.26,6.88,20568500
2021-11-16,5.32,6.02,6.58,5.91,6.55,27445700
2021-11-17,5.17,5.85,6.18,5.66,6.07,24600900
2021-11-18,5.16,5.84,6.04,5.74,5.9,17735600
2021-11-19,5.24,5.93,5.98,5.76,5.84,11364600
2021-11-22,4.98,5.63,6.03,5.63,5.92,8516000
2021-11-23,5.01,5.67,5.77,5.41,5.66,9084200
2021-11-24,4.92,5.57,5.68,5.46,5.57,8397000
2021-11-25,5.37,6.08,6.08,5.43,5.6,20546100
2021-11-26,5.22,5.91,6.04,5.68,5.7,8564200
2021-11-29,5.12,5.79,6.1,5.79,5.98,7811800
2021-11-30,4.83,5.46,5.8,5.42,5.74,11282700
2021-12-01,4.85,5.49,5.83,5.49,5.54,12492100
2021-12-02,5.03,5.69,5.69,5.37,5.55,18379200
2021-12-03,5.32,6.02,6.03,5.63,5.68,10548200
2021-12-06,5.15,5.83,6.13,5.83,6.08,5884400
2021-12-07,5.23,5.92,5.95,5.56,5.93,9906100
2021-12-08,5.29,5.98,6.04,5.8,5.91,9204000
2021-12-09,5.23,5.92,6.15,5.86,5.89,9205900
2021-12-10,5.44,6.16,6.3,5.93,5.96,8741300
2021-12-13,5.5,6.22,6.36,6.14,6.16,8265100
2021-12-14,5.45,6.17,6.34,6.14,6.22,6640900
2021-12-15,5.48,6.2,6.25,6.03,6.2,4791400
2021-12-16,5.4,6.11,6.28,6.05,6.24,9238300
2021-12-17,5.24,5.93,6.05,5.93,6.02,50153800
2021-12-20,5.14,5.82,5.86,5.6,5.86,8433600
2021-12-21,5.08,5.75,5.91,5.68,5.85,5049800
2021-12-22,5.01,5.67,5.74,5.56,5.72,4649500
2021-12-23,5.06,5.72,5.74,5.62,5.65,3174500
2021-12-27,5.23,5.92,5.92,5.67,5.71,4493500
2021-12-28,5.35,6.05,6.05,5.87,5.9,4379800
2021-12-29,5.31,6.01,6.09,5.9,6.02,5394800
2021-12-30,5.7,6.45,6.46,5.95,6.02,23096200
2022-01-03,5.54,6.27,6.5,6.23,6.44,7451800
2022-01-04,5.59,6.33,6.35,6.16,6.26,10613100
2022-01-05,5.12,5.79,6.3,5.79,6.28,7203400
2022-01-06,4.93,5.56,5.85,5.49,5.8,8427100
2022-01-07,5.16,5.82,5.95,5.57,5.61,10961100
2022-01-10,5.06,5.7,5.78,5.53,5.7,11253600
2022-01-11,5.23,5.9,5.9,5.66,5.66,5425200
2022-01-12,5.44,6.13,6.22,5.89,5.93,9077500
2022-01-13,5.42,6.11,6.21,6.04,6.04,4388600
2022-01-14,5.49,6.19,6.2,6.01,6.11,4745900
2022-01-17,5.48,6.18,6.34,6.14,6.14,3137800
2022-01-18,5.48,6.18,6.24,6.06,6.17,3854900
2022-01-19,5.65,6.37,6.48,6.21,6.21,12660500
2022-01-20,5.71,6.44,6.58,6.35,6.37,9343500
2022-01-21,5.53,6.23,6.41,6.18,6.4,7609900
2022-01-24,5.46,6.15,6.19,6.03,6.16,8531700
2022-01-25,5.5,6.2,6.28,6.05,6.08,8097000
2022-01-26,5.52,6.22,6.4,6.19,6.31,11610000
2022-01-27,5.55,6.25,6.48,6.23,6.29,8501200
2022-01-28,5.66,6.38,6.46,6.21,6.21,15566700
2022-01-31,5.7,6.42,6.53,6.28,6.32,7514700
2022-02-01,5.68,6.4,6.53,6.24,6.5,8050400
2022-02-02,5.67,6.39,6.63,6.37,6.45,8808600
2022-02-03,5.73,6.46,6.53,6.33,6.4,8390300
2022-02-04,5.66,6.38,6.56,6.35,6.45,8483700
2022-02-07,5.56,6.27,6.51,6.26,6.43,7178800
2022-02-08,5.62,6.33,6.42,6.18,6.29,9770800
2022-02-09,5.63,6.35,6.47,6.3,6.33,8867400
2022-02-10,5.7,6.43,6.47,6.27,6.4,9667400
2022-02-11,5.63,6.35,6.51,6.3,6.46,8001300
2022-02-14,5.7,6.42,6.5,6.36,6.36,12680200
2022-02-15,5.7,6.42,6.55,6.22,6.55,17426200
2022-02-16,5.7,6.43,6.55,6.37,6.44,12029900
2022-02-17,5.58,6.29,6.47,6.21,6.46,16171600
2022-02-18,5.42,6.11,6.33,5.98,6.31,12852100
2022-02-21,5.12,5.77,6.15,5.72,6.14,8726900
2022-02-22,5.01,5.65,5.9,5.61,5.83,7346000
2022-02-23,5.02,5.66,5.75,5.6,5.7,10772600
2022-02-24,5.12,5.77,5.79,5.38,5.55,11357100
2022-02-25,5.07,5.71,5.82,5.62,5.76,6795000
2022-03-02,5.31,5.99,6.03,5.67,5.75,7030100
2022-03-03,5.47,6.16,6.25,6.0,6.0,18057800
2022-03-04,5.51,6.21,6.24,6.06,6.18,9336900
2022-03-07,5.48,6.18,6.3,6.09,6.19,12429900
2022-03-08,5.59,6.3,6.3,6.11,6.2,5566500
2022-03-09,5.7,6.42,6.43,6.26,6.3,9079900
2022-03-10,5.7,6.42,6.57,6.26,6.34,15215200
2022-03-11,5.6,6.31,6.74,6.23,6.42,16712700
2022-03-14,5.59,6.3,6.45,6.22,6.32,7706100
2022-03-15,5.65,6.37,6.41,6.2,6.21,5880900
2022-03-16,5.62,6.34,6.5,6.22,6.44,10739100
2022-03-17,5.89,6.64,6.68,6.24,6.32,10001800
2022-03-18,6.2,6.99,6.99,6.64,6.64,17710700
2022-03-21,6.1,6.88,7.15,6.79,6.97,14982100
2022-03-22,6.3,7.1,7.11,6.85,6.85,9703800
2022-03-23,6.31,7.11,7.14,6.99,7.06,8187500
2022-03-24,6.34,7.15,7.25,7.05,7.1,11578200
2022-03-25,6.45,7.27,7.34,7.03,7.15,15324200
2022-03-28,6.54,7.37,7.43,7.16,7.25,10802600
2022-03-29,6.51,7.34,7.49,7.2,7.3,18100700
2022-03-30,6.5,7.33,7.46,7.27,7.38,10697600
2022-03-31,6.24,7.03,7.36,6.97,7.33,12972000
2022-04-01,6.14,6.92,7.1,6.68,7.05,18919700
2022-04-04,6.21,7.0,7.03,6.82,6.94,13343800
2022-04-05,6.3,7.1,7.13,6.93,7.02,6962400
2022-04-06,6.35,7.13,7.18,6.89,7.01,10002000
2022-04-07,6.26,7.03,7.18,6.97,7.1,10216600
2022-04-08,6.19,6.95,7.1,6.89,7.0,10722400
2022-04-11,6.15,6.9,6.98,6.76,6.87,4955900
2022-04-12,6.22,6.98,7.14,6.9,6.95,15598900
2022-04-13,6.31,7.08,7.1,6.93,7.03,5828500
2022-04-14,6.32,7.1,7.13,6.99,7.07,4947000
2022-04-18,6.35,7.13,7.18,6.95,7.09,6987700
2022-04-19,6.19,6.95,7.2,6.94,7.14,12659600
2022-04-20,6.21,6.97,7.05,6.86,6.95,7897000
2022-04-22,6.13,6.88,6.95,6.72,6.89,9926800
2022-04-25,6.28,7.05,7.08,6.78,6.79,9340700
2022-04-26,6.25,7.02,7.11,6.87,7.01,9190800
2022-04-27,6.33,7.11,7.14,6.97,7.06,11357200
2022-04-28,6.4,7.19,7.19,6.98,7.11,9691200
2022-04-29,6.15,6.9,7.24,6.81,7.2,21979100
2022-05-02,5.87,6.59,6.95,6.45,6.9,12404500
2022-05-03,5.52,6.2,6.63,5.87,6.63,36500900
2022-05-04,5.39,6.05,6.19,5.85,6.19,18834300
2022-05-05,4.94,5.55,6.04,5.53,6.04,16863600
2022-05-06,4.95,5.56,5.69,5.46,5.58,14479200
2022-05-09,4.62,5.19,5.54,4.98,5.54,21341300
2022-05-10,4.63,5.2,5.29,5.13,5.23,9825600
2022-05-11,4.64,5.21,5.27,5.04,5.21,17331100
2022-05-12,4.79,5.38,5.4,5.11,5.15,13350100
2022-05-13,4.6,5.17,5.39,5.07,5.39,51332400
2022-05-16,4.88,5.48,5.48,5.1,5.17,29391700
2022-05-17,5.01,5.62,5.82,5.48,5.56,40878000
2022-05-18,4.95,5.56,5.74,5.5,5.6,17779600
2022-05-19,5.05,5.67,5.82,5.5,5.6,12233400
2022-05-20,4.93,5.54,5.75,5.42,5.72,10517400
2022-05-23,5.02,5.64,5.73,5.48,5.59,11444200
2022-05-24,5.16,5.79,5.84,5.57,5.59,9007600
2022-05-25,5.27,5.92,5.98,5.74,5.78,9738900
2022-05-26,5.5,6.18,6.34,5.93,5.93,14781100
2022-05-27,5.41,6.07,6.27,6.05,6.2,11400800
2022-05-30,5.6,6.29,6.37,5.97,6.13,7527500
2022-05-31,5.46,6.13,6.39,6.13,6.32,13931800
2022-06-01,5.51,6.19,6.23,6.07,6.17,9091200
2022-06-02,5.61,6.3,6.35,6.18,6.23,14163200
2022-06-03,5.51,6.19,6.29,6.12,6.26,9326300
2022-06-06,5.31,5.96,6.25,5.89,6.25,9845400
2022-06-07,5.02,5.64,5.95,5.6,5.93,18881300
2022-06-08,4.92,5.52,5.62,5.37,5.61,13996400
2022-06-09,4.82,5.41,5.61,5.4,5.48,8480000
2022-06-10,4.74,5.32,5.37,5.25,5.36,4786300
2022-06-13,4.57,5.13,5.25,5.06,5.2,7709600
2022-06-14,4.46,5.01,5.21,5.0,5.15,9819800
2022-06-15,4.56,5.12,5.22,5.03,5.1,10830000
2022-06-17,4.52,5.08,5.08,4.84,5.06,10891400
2022-06-20,4.52,5.08,5.22,5.0,5.08,7841400
2022-06-21,4.49,5.04,5.16,4.99,5.12,7411800
2022-06-22,4.44,4.99,5.09,4.94,5.03,8433900
2022-06-23,4.27,4.79,5.07,4.79,5.02,8059200
2022-06-24,4.26,4.78,4.87,4.75,4.85,7941200
2022-06-27,4.28,4.8,4.87,4.76,4.8,10516900
2022-06-28,4.29,4.82,5.02,4.82,4.85,8975600
2022-06-29,4.28,4.8,4.89,4.77,4.84,7179800
2022-06-30,4.09,4.59,4.76,4.55,4.76,6721700
2022-07-01,4.03,4.52,4.7,4.52,4.52,12849200
2022-07-04,4.04,4.54,4.71,4.5,4.53,5003300
2022-07-05,4.03,4.53,4.56,4.38,4.56,9503300
2022-07-06,3.91,4.39,4.55,4.25,4.53,11922900
2022-07-07,4.05,4.55,4.65,4.41,4.41,10027800
2022-07-08,3.92,4.4,4.64,4.4,4.53,7050900
2022-07-11,3.71,4.16,4.38,4.13,4.37,13261200
2022-07-12,3.58,4.02,4.16,4.02,4.15,14771600
2022-07-13,3.69,4.14,4.18,3.9,4.03,14925600
2022-07-14,3.82,4.29,4.33,4.1,4.14,9774500
2022-07-15,3.94,4.42,4.44,4.24,4.3,4881500
2022-07-18,3.83,4.3,4.59,4.3,4.48,5011900
2022-07-19,3.86,4.33,4.42,4.3,4.31,5270100
2022-07-20,4.0,4.49,4.52,4.27,4.3,11021800
2022-07-21,3.96,4.45,4.52,4.42,4.52,6658500
2022-07-22,3.74,4.2,4.49,4.2,4.49,6536400
2022-07-25,3.7,4.15,4.25,4.1,4.23,10514300
2022-07-26,3.71,4.17,4.28,4.12,4.16,4594100
2022-07-27,4.0,4.49,4.49,4.18,4.2,8689000
2022-07-28,4.0,4.49,4.57,4.37,4.52,3634200
2022-07-29,3.93,4.41,4.59,4.4,4.52,8694600
2022-08-01,3.93,4.41,4.48,4.35,4.47,7696400
2022-08-02,4.11,4.61,4.62,4.38,4.41,12885400
2022-08-03,4.28,4.81,4.91,4.63,4.63,8750200
2022-08-04,4.5,5.05,5.38,4.86,4.86,17206200
2022-08-05,4.33,4.86,5.1,4.77,5.1,11124100
2022-08-08,4.41,4.95,5.06,4.89,4.93,6283600
2022-08-09,4.38,4.92,5.14,4.9,5.0,9216300
2022-08-10,4.59,5.15,5.28,4.97,4.97,9044400
2022-08-11,4.35,4.88,5.26,4.84,5.18,11482900
2022-08-12,4.69,5.27,5.27,5.05,5.14,15222800
2022-08-15,4.64,5.21,5.31,5.12,5.21,10250500
2022-08-16,4.62,5.19,5.28,5.12,5.25,5754000
2022-08-17,4.7,5.28,5.36,5.12,5.16,27272900
2022-08-18,4.53,5.09,5.29,5.07,5.21,8785600
2022-08-19,4.32,4.85,5.09,4.74,5.08,17743000
2022-08-22,4.32,4.85,4.9,4.69,4.83,9829500
2022-08-23,4.47,5.02,5.02,4.84,4.84,6333000
2022-08-24,4.53,5.09,5.17,4.97,5.0,5861300
2022-08-25,4.48,5.03,5.17,5.0,5.15,4135100
2022-08-26,4.32,4.85,5.08,4.82,5.04,6692300
2022-08-29,4.45,5.0,5.03,4.79,4.8,7870400
2022-08-30,4.36,4.9,5.03,4.87,5.02,7827400
2022-08-31,4.31,4.84,4.98,4.81,4.92,8375100
2022-09-01,4.25,4.77,4.97,4.69,4.88,13026600
2022-09-02,4.1,4.6,4.89,4.6,4.85,69570300
2022-09-05,4.12,4.62,4.74,4.62,4.63,7604300
2022-09-06,3.95,4.44,4.69,4.43,4.65,14609100
2022-09-08,3.91,4.39,4.5,4.33,4.48,9864000
2022-09-09,3.91,4.39,4.54,4.36,4.43,15548300
2022-09-12,3.86,4.33,4.48,4.31,4.44,15738600
2022-09-13,3.7,4.15,4.36,4.13,4.35,21443000
2022-09-14,3.74,4.2,4.29,4.13,4.16,13539100
2022-09-15,3.75,4.21,4.22,4.08,4.2,12717200
2022-09-16,3.82,4.29,4.37,4.11,4.15,19813000
2022-09-19,3.99,4.48,4.5,4.26,4.3,8945000
2022-09-20,3.96,4.45,4.64,4.4,4.48,10696200
2022-09-21,3.88,4.36,4.53,4.3,4.46,18275700
2022-09-22,4.05,4.55,4.6,4.38,4.42,13589200
2022-09-23,3.91,4.39,4.48,4.32,4.45,14173200
2022-09-26,3.82,4.29,4.42,4.26,4.38,9718800
2022-09-27,3.73,4.19,4.4,4.19,4.31,11052300
2022-09-28,3.69,4.14,4.23,4.14,4.21,11148900
2022-09-29,3.7,4.15,4.17,4.06,4.11,12380300
2022-09-30,3.73,4.19,4.26,4.1,4.11,11827700
2022-10-03,3.94,4.39,4.39,4.23,4.25,14167700
2022-10-04,3.93,4.38,4.52,4.34,4.43,11413300
2022-10-05,3.98,4.43,4.43,4.31,4.37,8368900
2022-10-06,4.0,4.46,4.49,4.43,4.45,5975200
2022-10-07,3.76,4.19,4.46,4.14,4.44,16354500
2022-10-10,3.66,4.08,4.24,4.05,4.24,18862600
2022-10-11,3.9,4.35,4.4,4.05,4.08,30833900
2022-10-13,3.81,4.25,4.35,4.23,4.34,15027200
2022-10-14,3.69,4.11,4.27,4.1,4.26,10535000
2022-10-17,3.68,4.1,4.2,4.09,4.15,8129100
2022-10-18,3.72,4.14,4.22,4.08,4.15,13196400
2022-10-19,3.73,4.16,4.2,4.09,4.14,12625300
2022-10-20,3.77,4.2,4.23,4.13,4.19,13428400
2022-10-21,3.83,4.27,4.3,4.16,4.19,14614900
2022-10-24,3.71,4.13,4.21,4.12,4.2,9021900
2022-10-25,3.67,4.09,4.2,4.08,4.13,12220200
2022-10-26,3.56,3.97,4.09,3.95,4.08,15630800
2022-10-27,3.71,4.13,4.19,3.99,3.99,15175200
2022-10-28,3.72,4.15,4.16,4.06,4.11,9985100
2022-10-31,3.85,4.29,4.31,3.95,4.0,19491700
2022-11-01,4.05,4.51,4.56,4.25,4.31,23695600
2022-11-03,4.22,4.7,4.74,4.34,4.43,15015300
2022-11-04,4.24,4.72,4.84,4.63,4.7,12500600
2022-11-07,4.01,4.47,4.88,4.47,4.81,17217400
2022-11-08,4.08,4.55,4.58,4.42,4.47,15444300
2022-11-09,4.01,4.47,4.65,4.44,4.53,11339500
2022-11-10,3.69,4.11,4.43,4.09,4.37,22566600
2022-11-11,3.72,4.14,4.18,3.83,4.05,24235200
2022-11-14,3.7,4.12,4.23,4.06,4.19,10873300
2022-11-16,3.62,4.03,4.19,3.96,4.12,16148800
2022-11-17,3.51,3.91,3.98,3.74,3.97,25106400
2022-11-18,3.65,4.07,4.28,3.94,3.99,23150300
2022-11-21,3.62,4.03,4.16,3.95,4.1,11314600
2022-11-22,3.62,4.03,4.08,3.97,4.03,10439300
2022-11-23,3.59,4.0,4.06,3.95,3.98,6531500
2022-11-24,3.72,4.15,4.17,4.01,4.05,5511600
2022-11-25,3.63,4.05,4.19,3.99,4.16,8739900
2022-11-28,3.61,4.02,4.09,4.0,4.0,7386900
2022-11-29,3.59,4.0,4.14,3.92,4.03,13237500
2022-11-30,3.63,4.05,4.08,3.92,3.98,16877200
2022-12-01,3.45,3.84,4.0,3.82,4.0,22625600
2022-12-02,3.5,3.9,4.04,3.85,3.87,16610700
2022-12-05,3.35,3.73,3.95,3.71,3.95,14607600
2022-12-06,3.3,3.68,3.79,3.62,3.77,13327400
2022-12-07,3.23,3.6,3.7,3.58,3.68,13628700
2022-12-08,3.07,3.34,3.55,3.33,3.5,19978800
2022-12-09,3.08,3.35,3.39,3.25,3.37,12963000
2022-12-12,3.04,3.3,3.39,3.23,3.35,24013800
2022-12-13,3.0,3.26,3.4,3.25,3.32,10848100
2022-12-14,3.07,3.34,3.37,3.19,3.24,15438000
2022-12-15,3.04,3.3,3.41,3.27,3.32,8858500
2022-12-16,3.0,3.26,3.33,3.23,3.3,7695800
2022-12-19,3.07,3.34,3.36,3.25,3.27,6693400
2022-12-20,3.26,3.54,3.6,3.3,3.3,12943700
2022-12-21,3.33,3.62,3.67,3.52,3.55,14610300
2022-12-22,3.34,3.63,3.65,3.54,3.62,7727000
2022-12-23,3.41,3.71,3.74,3.63,3.65,4486400
2022-12-26,3.34,3.63,3.74,3.57,3.74,5290600
2022-12-27,3.39,3.68,3.69,3.56,3.64,5669100
2022-12-28,3.45,3.75,3.85,3.65,3.69,9716800
2022-12-29,3.44,3.74,3.91,3.7,3.83,7177700
2023-01-02,3.26,3.54,3.71,3.51,3.69,9470500
2023-01-03,3.07,3.34,3.57,3.33,3.54,9560100
2023-01-04,3.06,3.32,3.42,3.3,3.38,10680900
2023-01-05,2.97,3.23,3.39,3.19,3.35,35445300
2023-01-06,2.96,3.22,3.28,3.17,3.24,37999700
2023-01-09,2.97,3.23,3.29,3.16,3.2,15633700
2023-01-10,3.08,3.35,3.35,3.21,3.22,12594800
2023-01-11,3.29,3.58,3.58,3.36,3.36,21444400
2023-01-12,3.21,3.49,3.64,3.44,3.55,13176700
2023-01-13,3.07,3.34,3.5,3.32,3.46,14486700
2023-01-16,3.04,3.3,3.35,3.27,3.32,8730700
2023-01-17,3.09,3.36,3.4,3.29,3.32,11859400
2023-01-18,3.08,3.35,3.45,3.33,3.4,13324700
2023-01-19,3.14,3.41,3.42,3.25,3.35,23712400
2023-01-20,3.03,3.29,3.41,3.27,3.4,19274300
2023-01-23,3.03,3.29,3.35,3.25,3.28,10637200
2023-01-24,3.19,3.47,3.48,3.28,3.31,12703800
2023-01-25,3.25,3.53,3.53,3.42,3.47,7649000
2023-01-26,3.2,3.48,3.57,3.46,3.54,8271800
2023-01-27,3.15,3.42,3.5,3.4,3.49,8557200
2023-01-30,2.99,3.25,3.43,3.22,3.4,24955900
2023-01-31,3.03,3.29,3.35,3.25,3.25,20039900
2023-02-01,2.9,3.15,3.34,3.06,3.29,404695000
2023-02-02,2.81,3.05,3.23,3.04,3.15,50857000
2023-02-03,2.84,3.09,3.12,2.94,3.05,53290600
2023-02-06,2.9,3.15,3.2,3.05,3.1,34861900
2023-02-07,2.88,3.13,3.21,3.09,3.18,31913300
2023-02-08,3.04,3.3,3.3,3.11,3.16,50518000
2023-02-09,3.02,3.28,3.36,3.19,3.3,43678900
2023-02-10,2.95,3.21,3.31,3.18,3.28,23226200
2023-02-13,2.96,3.22,3.22,3.13,3.21,14875700
2023-02-14,2.74,2.98,3.21,2.96,3.21,40924300
2023-02-15,2.84,3.09,3.1,2.86,2.97,42760100
2023-02-16,2.83,3.08,3.12,3.0,3.07,21149000
2023-02-17,2.79,3.03,3.12,3.01,3.07,27974700
2023-02-22,2.83,3.08,3.09,2.95,3.01,20601900
2023-02-23,2.8,3.04,3.15,2.99,3.1,24919500
2023-02-24,2.66,2.89,3.05,2.88,3.04,27929600
2023-02-27,2.8,3.04,3.08,2.87,2.91,32246200
2023-02-28,2.83,3.08,3.14,3.04,3.07,28842300
2023-03-01,2.78,3.02,3.17,2.99,3.09,32788900
2023-03-02,2.69,2.92,3.04,2.92,3.02,21864000
2023-03-03,2.6,2.83,2.95,2.78,2.95,36019100
2023-03-06,2.68,2.91,2.95,2.8,2.87,24268000
2023-03-07,2.68,2.91,2.93,2.85,2.91,12209500
2023-03-08,2.71,2.94,2.97,2.89,2.91,21816400
2023-03-09,2.58,2.8,2.94,2.78,2.92,41324600
2023-03-10,2.5,2.72,2.82,2.71,2.8,23735100
2023-03-13,2.41,2.62,2.69,2.61,2.69,31528700
2023-03-14,2.49,2.71,2.81,2.68,2.69,40119200
2023-03-15,2.49,2.71,2.74,2.66,2.69,17612600
2023-03-16,2.51,2.73,2.76,2.66,2.75,22197500
2023-03-17,2.35,2.47,2.68,2.47,2.62,44089800
2023-03-20,2.35,2.47,2.53,2.43,2.48,20939200
2023-03-21,2.26,2.38,2.52,2.36,2.49,26738200
2023-03-22,2.22,2.33,2.39,2.31,2.37,26704400
2023-03-23,2.15,2.26,2.35,2.25,2.34,30902200
2023-03-24,2.29,2.41,2.42,2.26,2.27,19141800
2023-03-27,2.39,2.51,2.54,2.42,2.43,19684900
2023-03-28,2.52,2.65,2.68,2.46,2.49,69618900
2023-03-29,2.62,2.75,2.78,2.62,2.67,36856900
2023-03-30,2.75,2.89,2.94,2.78,2.81,39786400
2023-03-31,2.71,2.85,2.93,2.79,2.92,25812800
2023-04-03,2.69,2.83,2.91,2.81,2.88,18815900
2023-04-04,2.69,2.83,2.88,2.79,2.86,21012200
2023-04-05,2.68,2.82,2.86,2.75,2.84,22336100
2023-04-06,2.65,2.79,2.82,2.75,2.81,14613400
2023-04-10,2.67,2.81,2.84,2.78,2.81,14149600
2023-04-11,2.91,3.06,3.07,2.83,2.85,33609000
2023-04-12,2.91,3.06,3.17,3.04,3.07,32421000
2023-04-13,2.88,3.03,3.11,3.0,3.08,15780900
2023-04-14,2.89,3.04,3.05,2.96,3.01,10628600
2023-04-17,2.97,3.12,3.14,3.02,3.05,14970900
2023-04-18,3.03,3.18,3.19,3.1,3.14,13884000
2023-04-19,2.88,3.03,3.15,3.02,3.14,19845900
2023-04-20,2.96,3.11,3.13,2.99,3.03,11874200
2023-04-24,3.07,3.23,3.27,3.04,3.1,37103600
2023-04-25,3.03,3.18,3.31,3.13,3.23,18942800
2023-04-26,2.9,3.05,3.19,3.04,3.17,15122100
2023-04-27,2.98,3.13,3.16,3.04,3.05,12242300
2023-04-28,3.03,3.19,3.25,3.09,3.13,20412700
2023-05-02,2.89,3.04,3.24,3.04,3.18,14598900
2023-05-03,3.0,3.15,3.19,3.0,3.06,15681500
2023-05-04,3.03,3.18,3.22,3.11,3.17,20441800
2023-05-05,3.12,3.28,3.29,3.18,3.19,17709200
2023-05-08,3.15,3.31,3.38,3.3,3.3,16113900
2023-05-09,3.03,3.18,3.32,3.17,3.29,32144800
2023-05-10,3.12,3.28,3.3,3.14,3.19,20064700
2023-05-11,3.17,3.33,3.33,3.21,3.27,17152200
2023-05-12,3.13,3.29,3.38,3.25,3.33,13638800
2023-05-15,2.99,3.14,3.37,3.05,3.35,71533500
2023-05-16,3.08,3.24,3.3,3.13,3.13,45623200
2023-05-17,3.25,3.42,3.47,3.24,3.25,27916800
2023-05-18,3.3,3.47,3.51,3.34,3.42,40825600
2023-05-19,3.49,3.67,3.7,3.45,3.5,32544700
2023-05-22,3.47,3.65,3.76,3.63,3.73,14142300
2023-05-23,3.47,3.65,3.75,3.62,3.65,12031500
2023-05-24,3.32,3.49,3.71,3.43,3.64,35329500
2023-05-25,3.28,3.45,3.6,3.44,3.55,36092900
2023-05-26,3.29,3.46,3.52,3.34,3.51,25686400
2023-05-29,3.36,3.53,3.59,3.46,3.49,14544800
2023-05-30,3.42,3.6,3.64,3.48,3.57,24140700
2023-05-31,3.45,3.63,3.74,3.59,3.6,23066900
2023-06-01,3.58,3.76,3.85,3.55,3.65,28377100
2023-06-02,3.53,3.71,3.83,3.67,3.8,24144300
2023-06-05,3.59,3.77,3.79,3.68,3.69,11705300
2023-06-06,3.73,3.92,3.92,3.75,3.79,20867200
2023-06-07,3.76,3.95,4.05,3.87,3.94,19382700
2023-06-09,3.79,3.98,4.02,3.92,3.99,14031500
2023-06-12,3.8,3.99,4.0,3.94,3.98,16242400
2023-06-13,3.7,3.89,4.01,3.85,3.98,19986600
2023-06-14,3.75,3.94,3.99,3.85,3.9,25840400
2023-06-15,3.76,3.95,3.99,3.91,3.95,13781200
2023-06-16,3.76,3.95,3.97,3.9,3.92,14449100
2023-06-19,3.78,3.97,4.01,3.93,3.98,9550900
2023-06-20,3.95,4.15,4.17,3.96,3.98,35176100
2023-06-21,4.02,4.23,4.25,4.1,4.17,23935400
2023-06-22,4.05,4.26,4.28,4.14,4.21,12449700
2023-06-23,4.14,4.35,4.37,4.24,4.28,23532100
2023-06-26,4.2,4.42,4.5,4.34,4.35,42881900
2023-06-27,4.22,4.44,4.51,4.29,4.45,76576700
2023-06-28,4.18,4.39,4.48,4.3,4.44,30177100
2023-06-29,4.37,4.59,4.59,4.4,4.4,40765500
2023-06-30,4.19,4.4,4.72,4.35,4.64,35419200
2023-07-03,4.25,4.47,4.52,4.41,4.45,20197900
2023-07-04,4.2,4.41,4.48,4.35,4.47,10806500
2023-07-05,4.08,4.29,4.4,4.23,4.38,33346200
2023-07-06,3.96,4.16,4.27,4.11,4.27,22675100
2023-07-07,4.0,4.2,4.25,4.15,4.18,19055100
2023-07-10,4.03,4.24,4.31,4.15,4.2,16685100
2023-07-11,4.05,4.26,4.32,4.17,4.24,19787900
2023-07-12,4.01,4.22,4.34,4.21,4.3,6157400
2023-07-13,4.0,4.2,4.28,4.16,4.23,10522300
2023-07-14,3.88,4.08,4.22,4.01,4.2,16845900
2023-07-17,4.02,4.23,4.25,4.05,4.08,20863600
2023-07-18,4.07,4.28,4.4,4.21,4.23,19854400
2023-07-19,4.05,4.26,4.31,4.18,4.3,15101300
2023-07-20,4.0,4.2,4.29,4.15,4.28,13981900
2023-07-21,4.06,4.27,4.31,4.18,4.21,9991000
2023-07-24,4.02,4.23,4.29,4.15,4.27,17283700
2023-07-25,4.0,4.2,4.3,4.17,4.27,14413200
2023-07-26,4.01,4.22,4.24,4.16,4.2,6399600
2023-07-27,3.89,4.07,4.24,4.06,4.23,18331700
2023-07-28,3.94,4.12,4.13,4.03,4.09,16807200
2023-07-31,3.98,4.16,4.19,4.1,4.12,13989300
2023-08-01,3.98,4.16,4.2,4.06,4.15,24308900
2023-08-02,4.01,4.19,4.2,4.11,4.13,25721100
2023-08-03,3.92,4.1,4.22,4.07,4.21,21426900
2023-08-04,3.9,4.08,4.14,4.04,4.08,16409800
2023-08-07,3.85,4.02,4.1,3.99,4.09,14729300
2023-08-08,3.8,3.97,3.99,3.87,3.97,17862300
2023-08-09,3.75,3.92,3.97,3.86,3.96,13848500
2023-08-10,3.74,3.91,3.96,3.87,3.93,11449000
2023-08-11,3.68,3.85,3.92,3.8,3.9,13400900
2023-08-14,3.61,3.77,3.83,3.73,3.83,20072900
2023-08-15,3.62,3.78,3.99,3.69,3.74,38335200
2023-08-16,3.44,3.6,3.79,3.53,3.78,27465600
2023-08-17,3.37,3.52,3.63,3.49,3.61,22050300
2023-08-18,3.43,3.59,3.63,3.49,3.51,15864700
2023-08-21,3.35,3.5,3.62,3.48,3.6,12295100
2023-08-22,3.37,3.52,3.56,3.43,3.53,23013400
2023-08-23,3.45,3.61,3.72,3.53,3.55,43718400
2023-08-24,3.57,3.73,3.81,3.6,3.61,42127000
2023-08-25,3.63,3.79,3.83,3.71,3.78,21198200
2023-08-28,3.58,3.74,3.84,3.7,3.84,28115900
2023-08-29,3.65,3.82,3.83,3.74,3.78,13520200
2023-08-30,3.59,3.75,3.85,3.71,3.82,15075000
2023-08-31,3.47,3.63,3.76,3.62,3.75,21889800
2023-09-01,3.47,3.63,3.74,3.63,3.66,17307200
2023-09-04,3.44,3.6,3.68,3.58,3.63,8845200
2023-09-05,3.58,3.74,3.78,3.54,3.55,25511600
2023-09-06,3.58,3.74,3.87,3.7,3.74,22648600
2023-09-08,3.55,3.71,3.75,3.67,3.69,26042800
2023-09-11,3.62,3.78,3.79,3.71,3.74,10987900
2023-09-12,3.71,3.88,3.94,3.78,3.8,15715300
2023-09-13,3.77,3.94,4.02,3.88,3.88,17575000
2023-09-14,3.8,3.97,4.01,3.93,3.97,9553000
2023-09-15,3.81,3.98,4.12,3.96,3.96,34682000
2023-09-18,3.82,3.99,4.06,3.91,3.99,23371600
2023-09-19,3.73,3.9,4.04,3.84,4.0,20181900
2023-09-20,3.65,3.81,3.94,3.81,3.91,23728500
2023-09-21,3.58,3.74,3.85,3.72,3.77,21444200
2023-09-22,3.61,3.77,3.83,3.72,3.76,21984900
2023-09-25,3.58,3.74,3.82,3.68,3.76,13094300
2023-09-26,3.44,3.6,3.74,3.59,3.72,22975300
2023-09-27,3.4,3.55,3.65,3.51,3.61,21389800
2023-09-28,3.42,3.57,3.6,3.48,3.57,16733500
2023-09-29,3.43,3.58,3.65,3.54,3.62,13661300
2023-10-02,3.33,3.48,3.6,3.43,3.59,16747100
2023-10-03,3.31,3.46,3.56,3.42,3.47,29291500
2023-10-04,3.32,3.47,3.5,3.45,3.47,10591900
2023-10-05,3.23,3.38,3.51,3.35,3.46,37198300
2023-10-06,3.23,3.38,3.41,3.28,3.35,15875400
2023-10-09,3.34,3.49,3.53,3.37,3.4,15376700
2023-10-10,3.42,3.57,3.58,3.5,3.52,9595500
2023-10-11,3.48,3.64,3.67,3.55,3.57,15610900
2023-10-13,3.37,3.52,3.68,3.52,3.64,13786100
2023-10-16,3.39,3.54,3.59,3.5,3.53,12135900
2023-10-17,3.34,3.49,3.58,3.47,3.58,14243700
2023-10-18,3.33,3.46,3.54,3.42,3.47,23622300
2023-10-19,3.42,3.55,3.58,3.43,3.44,35125300
2023-10-20,3.45,3.58,3.61,3.51,3.51,22281100
2023-10-23,3.47,3.6,3.62,3.54,3.55,12226000
2023-10-24,3.61,3.75,3.77,3.62,3.63,18123000
2023-10-25,3.59,3.73,3.88,3.68,3.78,23871300
2023-10-26,3.65,3.79,3.81,3.68,3.73,21310400
2023-10-27,3.6,3.74,3.87,3.72,3.79,26716200
2023-10-30,3.48,3.61,3.79,3.6,3.77,22466600
2023-10-31,3.5,3.63,3.65,3.55,3.64,11282600
2023-11-01,3.61,3.75,3.75,3.64,3.64,18109500
2023-11-03,3.65,3.79,3.85,3.75,3.8,16239100
2023-11-06,3.65,3.79,3.84,3.76,3.81,9299300
2023-11-07,3.84,3.99,4.0,3.78,3.8,29734300
2023-11-08,3.66,3.8,4.03,3.79,3.99,30563500
2023-11-09,3.63,3.77,3.97,3.76,3.83,25567000
2023-11-10,3.67,3.81,3.85,3.77,3.84,16066300
2023-11-13,3.69,3.83,3.84,3.78,3.82,14693200
2023-11-14,3.6,3.74,3.91,3.73,3.86,29235500
2023-11-16,3.64,3.78,3.79,3.71,3.75,20519400
2023-11-17,3.44,3.57,3.83,3.57,3.8,39803600
2023-11-20,3.63,3.77,3.77,3.55,3.59,39060200
2023-11-21,3.51,3.64,3.76,3.64,3.75,23500900
2023-11-22,3.52,3.65,3.69,3.63,3.68,29127900
2023-11-23,3.58,3.72,3.72,3.61,3.64,15777100
2023-11-24,3.6,3.74,3.77,3.69,3.72,13788800
2023-11-27,3.42,3.55,3.77,3.54,3.74,29619500
2023-11-28,3.5,3.63,3.63,3.51,3.55,15991300
2023-11-29,3.53,3.66,3.71,3.63,3.64,20395200
2023-11-30,3.52,3.65,3.7,3.6,3.69,22087700
2023-12-01,3.53,3.66,3.71,3.64,3.67,18953400
2023-12-04,3.53,3.66,3.7,3.64,3.65,11239700
2023-12-05,3.33,3.46,3.71,3.45,3.66,41571800
2023-12-06,3.43,3.56,3.66,3.51,3.52,47800500
2023-12-07,3.49,3.62,3.69,3.51,3.57,22088700
2023-12-08,3.51,3.64,3.69,3.57,3.68,14112100
2023-12-11,3.38,3.51,3.65,3.51,3.64,16540400
2023-12-12,3.33,3.46,3.55,3.46,3.54,14664100
2023-12-13,3.47,3.6,3.64,3.46,3.47,23179400
2023-12-14,3.52,3.65,3.95,3.62,3.62,64134600
2023-12-15,3.59,3.73,3.78,3.63,3.7,53571000
2023-12-18,3.72,3.86,3.86,3.75,3.77,24794200
2023-12-19,3.84,3.99,3.99,3.81,3.86,25810200
2023-12-20,3.87,4.02,4.04,3.91,3.98,18861600
2023-12-21,4.01,4.03,4.03,3.88,3.92,20313400
2023-12-22,4.18,4.2,4.22,3.98,4.05,28202700
2023-12-26,4.12,4.14,4.21,4.12,4.2,15886100
2023-12-27,4.04,4.06,4.16,4.03,4.12,17379800
2023-12-28,4.01,4.03,4.07,3.96,4.06,15616800
2024-01-02,4.06,4.08,4.1,4.01,4.03,11094100
2024-01-03,4.09,4.11,4.15,4.04,4.09,11071200
2024-01-04,4.0,4.02,4.12,3.99,4.11,10576600
2024-01-05,4.02,4.04,4.1,3.97,4.0,11373500
2024-01-08,4.03,4.05,4.07,4.0,4.04,8738900
2024-01-09,4.08,4.1,4.1,4.0,4.03,9725900
2024-01-10,4.04,4.06,4.1,4.01,4.1,8756400
2024-01-11,3.91,3.93,4.08,3.9,4.06,21979600
2024-01-12,3.98,4.0,4.05,3.92,3.94,15347000
2024-01-15,3.98,4.0,4.01,3.95,3.99,5014300
2024-01-16,3.77,3.79,3.98,3.73,3.98,27618000
2024-01-17,3.7,3.72,3.8,3.67,3.79,11262900
2024-01-18,3.67,3.69,3.77,3.66,3.75,9675400
2024-01-19,3.72,3.74,3.76,3.6,3.71,9559100
2024-01-22,3.63,3.65,3.75,3.6,3.74,10654600
2024-01-23,3.71,3.73,3.77,3.66,3.68,7530300
2024-01-24,3.7,3.72,3.77,3.66,3.77,8128300
2024-01-25,3.71,3.73,3.75,3.68,3.71,5575200
2024-01-26,3.72,3.74,3.78,3.71,3.73,5289300
2024-01-29,3.79,3.81,3.83,3.71,3.74,14380900
2024-01-30,3.78,3.8,3.86,3.76,3.81,7646500
2024-01-31,3.81,3.83,3.9,3.78,3.81,11410500
2024-02-01,3.8,3.82,3.86,3.74,3.83,9696000
2024-02-02,3.76,3.78,3.88,3.76,3.84,10550300
2024-02-05,3.75,3.77,3.81,3.73,3.78,7313500
2024-02-06,3.83,3.85,3.92,3.75,3.78,10290600
2024-02-07,3.91,3.93,3.97,3.85,3.86,8333200
2024-02-08,3.9,3.92,3.95,3.86,3.93,8824000
2024-02-09,3.86,3.88,4.07,3.88,4.0,21737700
2024-02-14,3.85,3.87,3.95,3.82,3.88,10231000
2024-02-15,3.8,3.82,3.93,3.8,3.88,11601200
2024-02-16,3.87,3.89,3.92,3.8,3.84,10365100
2024-02-19,3.83,3.85,3.93,3.82,3.9,7637600
2024-02-20,3.84,3.86,3.87,3.81,3.82,8575800
2024-02-21,3.85,3.87,3.92,3.83,3.87,12999700
2024-02-22,3.83,3.85,3.9,3.81,3.89,17263600
2024-02-23,3.67,3.69,3.85,3.68,3.84,17260000
2024-02-26,3.67,3.69,3.73,3.61,3.68,8341900
2024-02-27,3.71,3.73,3.79,3.71,3.72,16161500
2024-02-28,3.64,3.66,3.73,3.64,3.72,25059900
2024-02-29,3.52,3.54,3.66,3.5,3.66,29758900
2024-03-01,3.55,3.57,3.68,3.54,3.56,25491300
2024-03-04,3.6,3.62,3.65,3.58,3.58,15545800
2024-03-05,3.52,3.54,3.63,3.51,3.62,25719000
2024-03-06,3.49,3.51,3.57,3.48,3.55,19542500
2024-03-07,3.46,3.48,3.54,3.45,3.51,10281000
2024-03-08,3.46,3.48,3.55,3.45,3.45,10535000
2024-03-11,3.47,3.49,3.54,3.46,3.48,8463000
2024-03-12,3.5,3.52,3.55,3.48,3.5,8959100
2024-03-13,3.49,3.51,3.55,3.5,3.52,7059100
2024-03-14,3.48,3.5,3.53,3.47,3.51,5616300
2024-03-15,3.44,3.46,3.51,3.46,3.49,5753900
2024-03-18,3.45,3.47,3.49,3.43,3.48,10887500
2024-03-19,3.51,3.53,3.55,3.48,3.49,9642000
2024-03-20,3.59,3.61,3.65,3.52,3.54,10217300
2024-03-21,3.5,3.52,3.63,3.48,3.61,10717000
2024-03-22,3.41,3.41,3.5,3.39,3.5,15227900
2024-03-25,3.36,3.36,3.42,3.33,3.41,16337500
2024-03-26,3.25,3.25,3.36,3.2,3.35,29261600
2024-03-27,3.42,3.42,3.46,3.21,3.24,49731200
2024-03-28,3.54,3.54,3.62,3.41,3.42,28396200
2024-04-01,3.36,3.36,3.53,3.34,3.53,29549500
2024-04-02,3.34,3.34,3.36,3.3,3.36,15309000
2024-04-03,3.36,3.36,3.4,3.29,3.32,12562500
2024-04-04,3.36,3.36,3.49,3.32,3.36,24284700
2024-04-05,3.34,3.34,3.39,3.32,3.36,10350600
2024-04-08,3.36,3.36,3.38,3.32,3.34,15802900
2024-04-09,3.41,3.41,3.42,3.36,3.37,10843700
2024-04-10,3.28,3.28,3.42,3.25,3.41,21697200
2024-04-11,3.13,3.13,3.29,3.13,3.29,27462100
2024-04-12,3.1,3.1,3.16,3.08,3.12,20843400
2024-04-15,3.0,3.0,3.11,3.0,3.11,23803700
2024-04-16,2.95,2.95,3.02,2.92,2.99,23774700
2024-04-17,2.97,2.97,3.02,2.93,2.99,24606500
2024-04-18,2.93,2.93,3.02,2.88,2.99,30494700
2024-04-19,3.02,3.02,3.05,2.91,2.93,21842100
2024-04-22,3.12,3.12,3.14,2.99,3.03,16533100
2024-04-23,3.07,3.07,3.14,3.05,3.08,13604900
2024-04-24,3.05,3.05,3.11,3.0,3.08,14180500
2024-04-25,3.06,3.06,3.11,3.03,3.05,7841800
2024-04-26,3.07,3.07,3.11,3.04,3.07,7530900
2024-04-29,3.07,3.07,3.1,3.04,3.07,7119400
2024-04-30,3.06,3.06,3.09,3.03,3.06,7587500
2024-05-02,3.14,3.14,3.2,3.09,3.1,14952900
2024-05-03,3.23,3.23,3.28,3.17,3.19,24014400
2024-05-06,3.16,3.16,3.28,3.16,3.21,15719700
2024-05-07,3.2,3.2,3.21,3.16,3.2,8033300
2024-05-08,3.12,3.12,3.19,3.12,3.17,8449000
2024-05-09,3.07,3.07,3.1,3.03,3.09,10609200
2024-05-10,3.02,3.02,3.08,3.0,3.06,8506500
2024-05-13,2.98,2.98,3.05,2.96,3.02,14189800
2024-05-14,3.0,3.0,3.02,2.9,2.91,19375800
2024-05-15,3.03,3.03,3.03,2.97,3.0,12883800
2024-05-16,3.02,3.02,3.05,2.94,3.05,16088000
2024-05-17,2.97,2.97,3.02,2.97,3.02,7609200
2024-05-20,2.94,2.94,3.01,2.93,2.98,12231800
2024-05-21,2.93,2.93,2.97,2.9,2.94,15225000
2024-05-22,2.81,2.81,2.93,2.78,2.92,30207800
2024-05-23,2.83,2.83,2.84,2.76,2.81,20366100
2024-05-24,2.83,2.83,2.85,2.8,2.81,6912200
2024-05-27,2.9,2.9,2.94,2.84,2.84,11417300
2024-05-28,2.85,2.85,2.95,2.85,2.94,12568700
2024-05-29,2.87,2.87,2.91,2.82,2.85,16166600
2024-05-31,2.85,2.85,2.92,2.82,2.87,13170800
2024-06-03,2.8,2.8,2.89,2.8,2.86,12939000
2024-06-04,2.71,2.71,2.8,2.69,2.8,22310500
2024-06-05,2.72,2.72,2.77,2.65,2.69,29066900
2024-06-06,2.73,2.73,2.8,2.72,2.72,22876500
2024-06-07,2.7,2.7,2.74,2.67,2.7,12877000
2024-06-10,2.72,2.72,2.76,2.67,2.71,13665800
2024-06-11,2.8,2.8,2.82,2.72,2.72,15590700
2024-06-12,2.67,2.67,2.84,2.65,2.84,25194600
2024-06-13,2.8,2.8,2.82,2.68,2.68,20030500
2024-06-14,2.8,2.8,2.86,2.77,2.8,17345600
2024-06-17,2.78,2.78,2.81,2.72,2.78,12943300
2024-06-18,2.82,2.82,2.86,2.77,2.78,8335000
2024-06-19,2.8,2.8,2.81,2.75,2.81,9595200
2024-06-20,2.78,2.78,2.85,2.74,2.82,14372400
2024-06-21,2.89,2.89,2.89,2.75,2.76,29116900
2024-06-24,2.88,2.88,2.92,2.86,2.9,10720000
2024-06-25,2.87,2.87,2.9,2.83,2.88,8222000
2024-06-26,2.87,2.87,2.88,2.82,2.85,8831500
2024-06-27,2.98,2.98,2.99,2.87,2.88,12993000
2024-06-28,2.95,2.95,3.0,2.91,2.98,15255400
2024-07-01,2.98,2.98,3.0,2.94,2.95,14052700
2024-07-02,2.99,2.99,3.03,2.94,2.96,19768600
2024-07-03,3.01,3.01,3.06,3.01,3.01,9354100
2024-07-04,2.99,2.99,3.06,2.96,3.05,15373500
2024-07-05,3.08,3.08,3.1,3.01,3.01,15703400
2024-07-08,3.05,3.05,3.11,3.01,3.11,12219800
2024-07-09,3.03,3.03,3.07,3.02,3.05,11385000
2024-07-10,3.02,3.02,3.08,2.98,3.05,15804200
2024-07-11,3.1,3.1,3.12,3.01,3.03,19735600
2024-07-12,3.08,3.08,3.13,3.06,3.11,12600200
2024-07-15,3.09,3.09,3.12,3.07,3.09,6986800
2024-07-16,3.1,3.1,3.12,3.05,3.09,10904200
2024-07-17,3.18,3.18,3.2,3.07,3.07,22525000
2024-07-18,3.12,3.12,3.18,3.11,3.18,13601300
2024-07-19,3.06,3.06,3.16,3.06,3.12,11699900
2024-07-22,3.1,3.1,3.13,3.05,3.07,16965600
2024-07-23,3.04,3.04,3.1,3.03,3.08,18002900
2024-07-24,3.03,3.03,3.08,3.02,3.07,14536100
2024-07-25,3.07,3.07,3.08,3.02,3.03,11844100
2024-07-26,3.06,3.06,3.13,3.04,3.07,13300500
2024-07-29,3.01,3.01,3.08,2.99,3.05,14916000
2024-07-30,2.99,2.99,3.02,2.98,3.01,9309200
2024-07-31,2.99,2.99,3.04,2.98,3.0,20291400
2024-08-01,2.97,2.97,3.08,2.97,3.01,33714900
2024-08-02,2.95,2.95,3.02,2.92,2.98,14114900
2024-08-05,2.95,2.95,2.96,2.82,2.83,19898700
2024-08-06,3.04,3.04,3.11,2.92,2.95,25222500
2024-08-07,3.14,3.14,3.18,3.02,3.06,14324900
2024-08-08,3.16,3.16,3.2,3.13,3.14,14939900
2024-08-09,3.29,3.29,3.32,3.15,3.15,21070100
2024-08-12,3.31,3.31,3.35,3.28,3.28,13465500
2024-08-13,3.39,3.39,3.4,3.27,3.31,16080900
2024-08-14,3.25,3.25,3.35,3.18,3.35,30173100
2024-08-15,3.28,3.28,3.32,3.21,3.23,16365200
2024-08-16,3.3,3.3,3.32,3.25,3.29,15000500
2024-08-19,3.3,3.3,3.35,3.28,3.31,18287500
2024-08-20,3.3,3.3,3.31,3.24,3.31,13042400
2024-08-21,3.25,3.25,3.33,3.22,3.29,25056600
2024-08-22,3.24,3.24,3.28,3.2,3.25,14370300
2024-08-23,3.27,3.27,3.32,3.22,3.22,17499800
2024-08-26,3.3,3.3,3.32,3.2,3.25,13657200
2024-08-27,3.28,3.28,3.32,3.26,3.29,12921700
2024-08-28,3.27,3.27,3.29,3.21,3.27,11631600
2024-08-29,3.21,3.21,3.27,3.17,3.26,13161000
2024-08-30,3.21,3.21,3.22,3.15,3.19,12964900
2024-09-02,3.18,3.18,3.2,3.16,3.19,5522000
2024-09-03,3.12,3.12,3.19,3.12,3.17,8074600
2024-09-04,3.14,3.14,3.17,3.1,3.12,11117700
2024-09-05,3.14,3.14,3.18,3.12,3.14,11152600
2024-09-06,3.04,3.04,3.15,3.04,3.14,18739000
2024-09-09,3.0,3.0,3.05,2.98,3.04,8979100
2024-09-10,2.95,2.95,3.0,2.92,3.0,14109100
2024-09-11,2.99,2.99,3.0,2.94,2.95,11743600
2024-09-12,3.06,3.06,3.09,2.98,3.0,19973100
2024-09-13,3.09,3.09,3.14,3.06,3.08,13100000
2024-09-16,3.1,3.1,3.14,3.07,3.1,8655300
2024-09-17,3.15,3.15,3.18,3.07,3.09,14435100
2024-09-18,3.1,3.1,3.17,3.09,3.13,17521900
2024-09-19,3.07,3.07,3.14,3.07,3.13,7206400
2024-09-20,3.14,3.14,3.14,3.04,3.06,28750400
2024-09-23,3.04,3.04,3.14,3.04,3.14,23737500
2024-09-24,3.1,3.1,3.15,3.07,3.08,16486900
2024-09-25,3.04,3.04,3.12,3.02,3.11,14092400
2024-09-26,3.05,3.05,3.11,3.03,3.04,10502800
2024-09-27,3.16,3.16,3.2,3.04,3.05,29030200
2024-09-30,3.1,3.1,3.17,3.09,3.13,16445800
2024-10-01,3.11,3.11,3.17,3.09,3.11,14780800
2024-10-02,3.16,3.16,3.24,3.13,3.13,12512800
2024-10-03,3.06,3.06,3.15,3.0,3.14,19345600
2024-10-04,3.05,3.05,3.1,3.03,3.05,6918100
2024-10-07,3.04,3.04,3.07,3.01,3.06,9381800
2024-10-08,3.02,3.02,3.04,3.01,3.03,10704000
2024-10-09,2.98,2.98,3.02,2.96,3.01,11235800
2024-10-10,2.98,2.98,3.01,2.96,2.99,6296100
2024-10-11,2.95,2.95,2.98,2.89,2.97,11818200
2024-10-14,2.96,2.96,2.98,2.9,2.94,12104800
2024-10-15,3.01,3.01,3.02,2.95,2.96,10640600
2024-10-16,3.01,3.01,3.06,3.0,3.01,11776600
2024-10-17,2.96,2.96,3.01,2.92,3.0,9029500
2024-10-18,2.91,2.91,2.98,2.9,2.96,7113200
2024-10-21,2.88,2.88,2.93,2.88,2.93,11978200
2024-10-22,2.85,2.85,2.89,2.83,2.86,11828900
2024-10-23,2.87,2.87,2.88,2.8,2.84,15165900
2024-10-24,2.92,2.92,2.95,2.84,2.88,12679700
2024-10-25,2.83,2.83,2.97,2.82,2.93,16939300
2024-10-28,2.87,2.87,2.89,2.84,2.85,7054100
2024-10-29,2.83,2.83,2.89,2.81,2.88,12177900
2024-10-30,2.84,2.84,2.86,2.82,2.83,10440400
2024-10-31,2.8,2.8,2.86,2.8,2.84,14672700
2024-11-01,2.85,2.85,2.87,2.8,2.81,28994500
2024-11-04,2.9,2.9,2.91,2.85,2.86,17627100
2024-11-05,2.91,2.91,2.91,2.83,2.89,13711300
2024-11-06,2.91,2.91,2.94,2.83,2.84,13862400
2024-11-07,2.81,2.81,2.93,2.78,2.9,19803300
2024-11-08,2.69,2.69,2.79,2.68,2.78,19310100
2024-11-11,2.7,2.7,2.72,2.66,2.7,9046400
2024-11-12,2.65,2.65,2.7,2.63,2.7,12394800
2024-11-13,2.48,2.48,2.64,2.48,2.63,35585100
2024-11-14,2.42,2.42,2.49,2.42,2.48,22257400
2024-11-18,2.5,2.5,2.51,2.41,2.43,23151600
2024-11-19,2.47,2.47,2.5,2.45,2.5,10094400
2024-11-21,2.43,2.43,2.47,2.42,2.46,11431800
2024-11-22,2.6,2.6,2.61,2.44,2.45,34250600
2024-11-25,2.66,2.66,2.7,2.58,2.61,21164300
2024-11-26,2.66,2.66,2.69,2.62,2.66,13626600
2024-11-27,2.66,2.66,2.69,2.63,2.66,12567600
2024-11-28,2.55,2.55,2.66,2.55,2.64,14552800
2024-11-29,2.64,2.64,2.67,2.52,2.55,15392500
2024-12-02,2.52,2.52,2.65,2.5,2.64,17479000
2024-12-03,2.52,2.52,2.55,2.5,2.51,8044700
2024-12-04,2.56,2.56,2.59,2.51,2.52,10648700
2024-12-05,2.56,2.56,2.62,2.54,2.59,7198800
2024-12-06,2.46,2.46,2.59,2.44,2.57,12556500
2024-12-09,2.45,2.45,2.5,2.42,2.47,7301100
2024-12-10,2.53,2.53,2.55,2.45,2.47,8039800
2024-12-11,2.61,2.61,2.65,2.52,2.53,17653200
2024-12-12,2.46,2.46,2.6,2.45,2.59,17849500
2024-12-13,2.45,2.45,2.48,2.43,2.46,11458800
2024-12-16,2.42,2.42,2.48,2.41,2.45,8361200
2024-12-17,2.33,2.33,2.42,2.32,2.4,28340300
2024-12-18,2.19,2.19,2.33,2.15,2.33,27431600
2024-12-19,2.16,2.16,2.22,2.15,2.19,18541900
2024-12-20,2.29,2.29,2.32,2.15,2.16,16986900
2024-12-23,2.18,2.18,2.3,2.15,2.27,10146500
2024-12-26,2.15,2.15,2.21,2.14,2.18,9760900
2024-12-27,2.12,2.12,2.18,2.11,2.16,12949600
2024-12-30,2.16,2.16,2.16,2.1,2.12,9308400
2025-01-02,2.13,2.13,2.17,2.1,2.16,14326900
2025-01-03,2.13,2.13,2.14,2.08,2.13,8761300
2025-01-06,2.17,2.17,2.18,2.1,2.13,11428400
2025-01-07,2.15,2.15,2.23,2.15,2.17,12729800
2025-01-08,2.04,2.04,2.16,2.04,2.15,18382900
2025-01-09,2.04,2.04,2.07,2.03,2.06,7717100
2025-01-10,2.02,2.02,2.06,2.0,2.04,9779600
2025-01-13,2.02,2.02,2.05,1.99,2.03,12207500
2025-01-14,2.0,2.0,2.03,1.97,2.03,13086300
2025-01-15,2.09,2.09,2.1,2.0,2.02,14407900
2025-01-16,2.01,2.01,2.1,2.0,2.1,12421700
2025-01-17,2.04,2.04,2.04,2.0,2.02,18985500
2025-01-20,1.93,1.93,2.02,1.91,2.01,27664800
2025-01-21,1.87,1.87,1.93,1.83,1.92,35349000
2025-01-22,1.92,1.92,1.97,1.87,1.88,30904800
2025-01-23,1.86,1.86,1.92,1.85,1.92,20412700
2025-01-24,1.89,1.89,1.93,1.85,1.86,15674800
2025-01-27,1.97,1.97,2.02,1.88,1.9,28205600
2025-01-28,1.96,1.96,1.99,1.93,1.97,12290900
2025-01-29,1.93,1.93,1.98,1.91,1.98,13931500
2025-01-30,1.96,1.96,1.98,1.93,1.93,18046400
2025-01-31,1.9,1.9,1.98,1.9,1.96,26067200
2025-02-03,1.9,1.9,1.91,1.85,1.89,45100900
2025-02-04,1.83,1.83,1.91,1.83,1.9,24726200
2025-02-05,1.69,1.69,1.84,1.68,1.84,55017400
2025-02-06,1.83,1.83,1.87,1.62,1.7,83469300
2025-02-07,1.76,1.76,1.83,1.73,1.83,13870800
2025-02-10,1.78,1.78,1.82,1.74,1.74,12284900
2025-02-11,1.81,1.81,1.83,1.77,1.77,8225900
2025-02-12,1.79,1.79,1.83,1.75,1.8,13263300
2025-02-13,1.77,1.77,1.8,1.75,1.79,5913500
2025-02-14,1.77,1.77,1.8,1.73,1.77,19942000
2025-02-17,1.85,1.85,1.85,1.64,1.71,49607700
2025-02-18,1.84,1.84,1.92,1.83,1.85,28623500
2025-02-19,1.77,1.77,1.84,1.77,1.84,19929400
2025-02-20,1.75,1.75,1.77,1.73,1.77,14356300
2025-02-21,1.73,1.73,1.76,1.7,1.75,11551700
2025-02-24,1.7,1.7,1.73,1.67,1.73,14511700
2025-02-25,1.77,1.77,1.78,1.66,1.7,24501700
2025-02-26,1.74,1.74,1.79,1.72,1.78,9788600
2025-02-27,1.73,1.73,1.77,1.72,1.74,8377800
2025-02-28,1.65,1.65,1.76,1.63,1.74,21631200
2025-03-05,1.71,1.71,1.72,1.65,1.66,9729600
2025-03-06,1.7,1.7,1.72,1.65,1.7,15139700
2025-03-07,1.74,1.74,1.77,1.67,1.68,14323600
2025-03-10,1.75,1.75,1.79,1.73,1.73,10844500
2025-03-11,1.74,1.74,1.76,1.7,1.75,6087600
2025-03-12,1.71,1.71,1.76,1.7,1.75,6996800
2025-03-13,1.71,1.71,1.72,1.68,1.71,10225800
2025-03-14,1.78,1.78,1.8,1.7,1.71,15533300
2025-03-17,1.83,1.83,1.85,1.77,1.78,13270700
2025-03-18,1.83,1.83,1.84,1.8,1.83,8092100
2025-03-19,1.86,1.86,1.87,1.81,1.83,11583900
2025-03-20,1.84,1.84,1.89,1.83,1.86,15715500
2025-03-21,1.87,1.87,1.87,1.82,1.84,37336200
2025-03-24,1.87,1.87,1.89,1.83,1.87,8783300
2025-03-25,1.89,1.89,1.89,1.86,1.87,9220800
2025-03-26,1.89,1.89,1.9,1.86,1.87,11413300
2025-03-27,1.91,1.91,1.92,1.87,1.89,11787000
2025-03-28,1.86,1.86,1.92,1.85,1.92,11957400
2025-03-31,1.85,1.85,1.88,1.83,1.86,10945000
2025-04-01,1.87,1.87,1.88,1.84,1.84,7913000
2025-04-02,1.84,1.84,1.9,1.83,1.87,11664400
2025-04-03,1.84,1.84,1.89,1.82,1.83,17001000
2025-04-04,1.74,1.74,1.81,1.72,1.81,17281200
2025-04-07,1.69,1.69,1.76,1.66,1.71,16808000
2025-04-08,1.69,1.69,1.74,1.66,1.7,14045200
2025-04-09,1.77,1.77,1.8,1.66,1.68,22108400
2025-04-10,1.77,1.77,1.79,1.72,1.78,14657400
2025-04-11,1.76,1.76,1.78,1.74,1.77,10450200
2025-04-14,1.78,1.78,1.79,1.73,1.78,11081100
2025-04-15,1.76,1.76,1.78,1.73,1.77,7699100
2025-04-16,1.74,1.74,1.77,1.73,1.76,10537200
2025-04-17,1.76,1.76,1.79,1.73,1.74,7768000
2025-04-22,1.73,1.73,1.78,1.72,1.76,11931100
2025-04-23,1.78,1.78,1.82,1.74,1.75,16208900
2025-04-24,1.85,1.85,1.87,1.77,1.78,15057000
2025-04-25,1.8,1.8,1.84,1.77,1.84,19383700
2025-04-28,1.79,1.79,1.84,1.78,1.8,8460000
2025-04-29,1.83,1.83,1.84,1.78,1.79,5937200
2025-04-30,1.81,1.81,1.87,1.79,1.83,18789200
2025-05-02,1.85,1.85,1.87,1.81,1.82,8533400
2025-05-05,1.77,1.77,1.89,1.74,1.86,18269200
2025-05-06,1.76,1.76,1.8,1.74,1.76,7271600
2025-05-07,1.73,1.73,1.77,1.72,1.77,6602600
2025-05-08,1.82,1.82,1.85,1.77,1.77,17083100
2025-05-09,1.8,1.8,1.85,1.76,1.83,10679100
2025-05-12,1.78,1.78,1.86,1.75,1.82,17153000
2025-05-13,1.79,1.79,1.87,1.77,1.78,20095900
2025-05-14,1.71,1.71,1.76,1.68,1.71,32169500
2025-05-15,1.7,1.7,1.72,1.68,1.71,24464000
2025-05-16,1.71,1.71,1.71,1.67,1.69,25507800
2025-05-19,1.69,1.69,1.71,1.66,1.7,20380600
2025-05-20,1.68,1.68,1.7,1.66,1.68,19456400
2025-05-21,1.78,1.78,1.81,1.68,1.69,32595900
2025-05-22,2.0,2.0,2.04,1.77,1.78,40314800
2025-05-23,2.14,2.14,2.23,1.96,2.01,48573700
2025-05-26,1.97,1.97,2.23,1.97,2.17,32295000
2025-05-27,1.99,1.99,2.08,1.96,1.96,17869100
2025-05-28,1.97,1.97,2.01,1.96,2.0,11746900
2025-05-29,1.99,1.99,2.0,1.93,1.98,13705700
2025-05-30,1.94,1.94,2.03,1.94,1.99,42040900
2025-06-02,1.92,1.92,1.99,1.92,1.97,14103500
2025-06-03,2.0,2.0,2.03,1.91,1.92,10992900
2025-06-04,2.01,2.01,2.06,1.97,2.01,8495300
2025-06-05,1.97,1.97,2.03,1.95,2.01,6382800
2025-06-06,1.98,1.98,1.99,1.94,1.98,7461400
2025-06-09,1.94,1.94,1.96,1.87,1.94,15684400
2025-06-10,1.92,1.92,2.0,1.92,1.98,13786000
2025-06-11,1.9,1.9,1.93,1.88,1.91,9752400
2025-06-12,1.89,1.89,1.91,1.87,1.9,9780400
2025-06-13,1.83,1.83,1.89,1.83,1.87,10263600
2025-06-16,1.9,1.9,1.93,1.83,1.85,15942300
2025-06-17,1.85,1.85,1.91,1.83,1.89,11661200
2025-06-18,1.77,1.77,1.91,1.77,1.89,17882300
2025-06-20,1.72,1.72,1.78,1.7,1.77,37906000
2025-06-23,1.65,1.65,1.73,1.64,1.72,19754100
2025-06-24,1.64,1.64,1.67,1.63,1.67,15489800
2025-06-25,1.67,1.67,1.69,1.59,1.64,34194000
2025-06-26,1.65,1.65,1.74,1.64,1.68,15219000
2025-06-27,1.63,1.63,1.68,1.63,1.65,6409900
2025-06-30,1.65,1.65,1.66,1.62,1.63,9559800
2025-07-01,1.67,1.67,1.7,1.65,1.65,12160200
2025-07-02,1.68,1.68,1.68,1.64,1.68,18376200
2025-07-03,1.7,1.7,1.72,1.66,1.69,9255600
2025-07-04,1.71,1.71,1.72,1.69,1.7,4627200
2025-07-07,1.69,1.69,1.71,1.69,1.71,5768900
2025-07-08,1.67,1.67,1.71,1.65,1.7,14041600
2025-07-09,1.61,1.61,1.67,1.6,1.67,14574800
2025-07-10,1.58,1.58,1.59,1.53,1.59,17959800
2025-07-11,1.54,1.54,1.57,1.52,1.57,11548900
2025-07-14,1.53,1.53,1.55,1.5,1.55,7073900
2025-07-15,1.51,1.51,1.56,1.5,1.53,12467000
2025-07-16,1.51,1.51,1.53,1.5,1.52,12183100
2025-07-17,1.52,1.52,1.53,1.5,1.52,5991400
2025-07-18,1.52,1.52,1.57,1.49,1.51,16503200
2025-07-21,1.49,1.49,1.52,1.48,1.51,11793500
2025-07-22,1.46,1.46,1.51,1.46,1.49,5825000
2025-07-23,1.54,1.54,1.56,1.46,1.47,15495800
2025-07-24,1.51,1.51,1.57,1.49,1.53,10616000
2025-07-25,1.48,1.48,1.52,1.46,1.5,16723600
2025-07-28,1.44,1.44,1.49,1.42,1.48,12773700
2025-07-29,1.42,1.42,1.46,1.39,1.44,21838000
2025-07-30,1.43,1.43,1.45,1.39,1.4,31241400
2025-07-31,1.42,1.42,1.43,1.39,1.42,20579300
2025-08-01,1.4,1.4,1.44,1.4,1.42,12700000
2025-08-04,1.39,1.39,1.42,1.37,1.41,22125100
2025-08-05,1.38,1.38,1.42,1.38,1.41,9207300
2025-08-06,1.34,1.34,1.4,1.34,1.39,20477300
2025-08-07,1.3,1.3,1.36,1.28,1.35,27364300
2025-08-08,1.24,1.24,1.31,1.24,1.31,20781000
2025-08-11,1.19,1.19,1.26,1.17,1.24,41654000
2025-08-12,1.21,1.21,1.25,1.18,1.19,27539300
2025-08-13,1.2,1.2,1.22,1.19,1.2,21864400
2025-08-14,1.05,1.05,1.13,1.02,1.13,105867000
2025-08-15,1.04,1.04,1.08,1.02,1.05,36585800
2025-08-18,1.15,1.15,1.21,1.06,1.07,54149800
2025-08-19,1.04,1.04,1.1,1.02,1.07,47705300
2025-08-20,1.03,1.03,1.06,1.01,1.05,18503400
2025-08-21,1.03,1.03,1.05,1.01,1.03,22147000
2025-08-22,1.04,1.04,1.08,1.02,1.04,26099500
2025-08-25,1.05,1.05,1.06,1.03,1.05,18629500
2025-08-26,1.02,1.02,1.05,1.02,1.05,14344000
2025-08-27,1.06,1.06,1.07,1.02,1.03,19708400
2025-08-28,1.09,1.09,1.18,1.04,1.07,55384600
2025-08-29,1.17,1.17,1.22,1.11,1.14,84410200
